,plate,sample,mpn,mpn_adj,upper,lower,rarity
0,sample_0,0,23034.855963788767,20019.644779308983,54252.54759372213,9780.270472199802,0.4825532234324628
1,sample_1,1,23034.855963788767,20019.644779308983,54252.54759372213,9780.270472199802,0.4825532234324628
2,sample_2,2,23034.855963788767,20019.644779308983,54252.54759372213,9780.270472199802,0.4825532234324628
3,sample_3,3,23034.855963788767,20019.644779308983,54252.54759372213,9780.270472199802,0.4825532234324628
4,sample_4,4,23034.855963788767,20019.644779308983,54252.54759372213,9780.270472199802,0.4825532234324628
5,sample_5,5,23034.855963788767,20019.644779308983,54252.54759372213,9780.270472199802,0.4825532234324628
