,plate,sample,mpn,mpn_adj,upper,lower,rarity
0,sample_0,0,23978952.727983706,20521207.635336015,57311092.42066774,10032790.33158897,0.46128590643710315
1,sample_1,1,23978952.727983706,20521207.635336015,57311092.42066774,10032790.33158897,0.46128590643710315
2,sample_2,2,23978952.727983706,20521207.635336015,57311092.42066774,10032790.33158897,0.46128590643710315
3,sample_3,3,23978952.727983706,20521207.635336015,57311092.42066774,10032790.33158897,0.46128590643710315
